Название;Ссылка
Аккумулятор Bosch 60 Ah (0) S4 Silver 540A (S4005);https://akbmarket.in.ua/https://akbmarket.in.ua/bosch-60ah-s4-silver
Аккумулятор Bosch 60 Ah (1) S4 Silver 540A (S4006);https://akbmarket.in.ua/https://akbmarket.in.ua/bosch-60ah-s4006
Аккумулятор Bosch 74Ah S5 Silver (0) 750A S5007;https://akbmarket.in.ua/https://akbmarket.in.ua/bosch-74ah-s5-silver
Аккумулятор Bosch Silver S4 60Ah (0) 540A S4004 низкий;https://akbmarket.in.ua/https://akbmarket.in.ua/bosch-silver-s4-60ah
Аккумулятор Bosch 60Ah S4 Silver (0) 540A Asia S4024;https://akbmarket.in.ua/https://akbmarket.in.ua/bosch-60ah-s4024-asia
Аккумулятор Bosch 100Ah S5 Silver (0) 830A S5013;https://akbmarket.in.ua/https://akbmarket.in.ua/bosch-100ah-s5013-silver
Аккумулятор Bosch 74Ah S4 Silver (0) 680A S4008;https://akbmarket.in.ua/https://akbmarket.in.ua/bosch-74ah-s4008
Аккумулятор Bosch 85 Ah (0) S5 Silver 800A (S5010);https://akbmarket.in.ua/https://akbmarket.in.ua/bosch-85ah-s5-silver
Аккумулятор Bosch 70Ah S4 Silver (1) 630A Asia S4027 левый плюс;https://akbmarket.in.ua/https://akbmarket.in.ua/bosch-70ah-s4027
Аккумулятор Bosch 77 Ah (0) S5 Silver 780A S5008;https://akbmarket.in.ua/https://akbmarket.in.ua/bosch-77ah-s5008
Аккумулятор Bosch 74Ah S4 Silver (1) 680A S4009 левый плюс;https://akbmarket.in.ua/https://akbmarket.in.ua/bosch-74ah-s4009
Аккумулятор Bosch 70Ah S4 Silver (0) 630A Asia;https://akbmarket.in.ua/https://akbmarket.in.ua/bosch-70ah-s4-silver
Аккумулятор Bosch 63Ah S5 Silver (1) 610A S5006 левый плюс;https://akbmarket.in.ua/https://akbmarket.in.ua/bosch-s5-63ah-s5006
Аккумулятор Bosch 95Ah S4 Silver (1) 830A Asia (S4029);https://akbmarket.in.ua/https://akbmarket.in.ua/bosch-s4-silver-95ah-s4029
Аккумулятор Bosch 225Ah T5 Heavy Duty Extra (1) 1150A (T5080);https://akbmarket.in.ua/https://akbmarket.in.ua/bosch-225ah-t5080
Аккумулятор Bosch 63Ah S5 Silver (0) 610A S5005;https://akbmarket.in.ua/https://akbmarket.in.ua/bosch-63ah-s5005
Аккумулятор Bosch 45Ah S4 Silver (0) 330A Asia (S4021);https://akbmarket.in.ua/https://akbmarket.in.ua/bosch-45ah-s4021
Аккумулятор Bosch 61Ah S5 Silver (0) 600A S5004;https://akbmarket.in.ua/https://akbmarket.in.ua/bosch-s5-silver-61ah
Аккумулятор Bosch 44Ah S4 Silver (0) 440A;https://akbmarket.in.ua/https://akbmarket.in.ua/bosch-44ah-s4001
Аккумулятор Bosch 95Ah S4 Silver (0) 830A Asia (S4028);https://akbmarket.in.ua/https://akbmarket.in.ua/bosch-95ah-s4028
Аккумулятор Bosch 45Ah S4 Silver (1) 330A Asia (S4023);https://akbmarket.in.ua/https://akbmarket.in.ua/bosch-45ah-s4023
Грузовой аккумулятор Bosch 200 Ah T3 (1) 1050A (T3080);https://akbmarket.in.ua/https://akbmarket.in.ua/bosch-200ah-t3080
Грузовой аккумулятор Bosch 180Ah T5 Heavy Duty Extra (1) 1000A;https://akbmarket.in.ua/https://akbmarket.in.ua/bosch-180ah-t5077
Аккумулятор Bosch 45Ah S4 Silver (1) 330A Asia тонкие клеммы S4022;https://akbmarket.in.ua/https://akbmarket.in.ua/bosch-45ah-s4022
Грузовой аккумулятор Bosch 135Ah T3 (1) 1000A T3045;https://akbmarket.in.ua/https://akbmarket.in.ua/bosch-135ah-t3045
Аккумулятор Bosch 110Ah S5 Silver (0) 920A (S5015);https://akbmarket.in.ua/https://akbmarket.in.ua/bosch-110ah-s5015
Аккумулятор Bosch 60Ah S4 Silver (1) 540A Asia (S4025) левый плюс;https://akbmarket.in.ua/https://akbmarket.in.ua/bosch-60ah-s4025-asia
Аккумулятор Bosch 80Ah S4 Silver (0) 740A S4010;https://akbmarket.in.ua/https://akbmarket.in.ua/bosch-80ah-s5-silver
Аккумулятор Bosch 54Ah S5 Silver (0) 530A (S5002);https://akbmarket.in.ua/https://akbmarket.in.ua/bosch-54ah-s5002
Грузовой аккумулятор Bosch 140Ah T4 Heavy Duty (1) 800A;https://akbmarket.in.ua/https://akbmarket.in.ua/bosch-140ah-t4076
Аккумулятор Bosch 220 Ah T3 (1) 1150A T3081;https://akbmarket.in.ua/https://akbmarket.in.ua/bosch-220ah-t3081
Аккумулятор Bosch 40Ah S4 Silver (0) 330A Asia тонкие клеммы;https://akbmarket.in.ua/https://akbmarket.in.ua/bosch-40ah-s4018
Аккумулятор Bosch 52Ah S5 Silver (0) 520A S5001;https://akbmarket.in.ua/https://akbmarket.in.ua/bosch-silver-52ah-s5001
Аккумулятор Bosch 95 Ah (0) S4 Silver 800A (S4013);https://akbmarket.in.ua/https://akbmarket.in.ua/bosch-95ah-s4013
Аккумулятор Bosch 70Ah S3 Silver (0) 640A S3007;https://akbmarket.in.ua/https://akbmarket.in.ua/bosch-70ah-s3007
Аккумулятор Bosch 180Ah T3 (0) 1100A (T3079);https://akbmarket.in.ua/https://akbmarket.in.ua/bosch-180ah-t3079
Аккумулятор Bosch 45Ah S4 Silver (0) 330A Asia тонкая клемма;https://akbmarket.in.ua/https://akbmarket.in.ua/bosch-45ah-s4020
Аккумулятор Bosch 52 Ah S4 Silver (0) 470A;https://akbmarket.in.ua/https://akbmarket.in.ua/bosch-52ah-s4002
Аккумулятор Bosch 40Ah S4 Silver (1) 330A Asia тонкая клемма;https://akbmarket.in.ua/https://akbmarket.in.ua/bosch-40ah-s4019
Грузовой аккумулятор Bosch 215 Ah T4 Heavy Duty (1) 1150A (T4080);https://akbmarket.in.ua/https://akbmarket.in.ua/bosch-215ah-t4080
