Название;Ток;Емкость;Цена;Ссылка
Автомобильный аккумулятор 4Max 6СТ-60 АзЕ (E74F2F);540 А;60 Ач;1939;https://avtozvuk.ua//4max-6st-60-aze-e74f2f/p318657?page=1
Автомобильный аккумулятор 4Max 6СТ-71 АзЕ (E74F4E);620 А;71 Ач;2116;https://avtozvuk.ua//4max-6st-71-aze-e74f4e/p320158?page=1
Автомобильный аккумулятор 4Max 6СТ-85 АзЕ (G04IWB);850 А;85 Ач;2644;https://avtozvuk.ua//4max-6st-85-aze-g04iwb/p320157?page=1
Автомобильный аккумулятор 4Max 6СТ-60 Аз (E74F34);510 А;60 Ач;1782;https://avtozvuk.ua//4max-6st-60-az-e74f34/p318658?page=1
Автомобильный аккумулятор 4Max 6СТ-72 АзЕ EFB (BAT72);720 А;72 Ач;3343;https://avtozvuk.ua//4max-6st-72-aze-efb-bat72/p380388?page=1
Автомобильный аккумулятор 4Max 6СТ-72 АзЕ (BAT72);680 А;72 Ач;2167;https://avtozvuk.ua//4max-6st-72-aze-bat72/p380387?page=1
Автомобильный аккумулятор 4Max 6СТ-80 АзЕ EFB (BAT82);800 А;82 Ач;3853;https://avtozvuk.ua//4max-6st-80-aze-efb-bat82/p380386?page=1
Автомобильный аккумулятор 4Max 6СТ-62 АзЕ (BAT62);550 А;62 Ач;1672;https://avtozvuk.ua//4max-6st-62-aze-bat62/p380385?page=1
Автомобильный аккумулятор 4Max 6СТ-65 АзЕ EFB (BAT65);620 А;65 Ач;2940;https://avtozvuk.ua//4max-6st-65-aze-efb-bat65/p380383?page=1
Автомобильный аккумулятор 4Max 6СТ-82 АзЕ EFB (BAT85);820 А;82 Ач;3893;https://avtozvuk.ua//4max-6st-82-aze-efb-bat85/p380382?page=1
Автомобильный аккумулятор 4Max 6СТ-77 АзЕ (E74F57);760 А;77 Ач;2438;https://avtozvuk.ua//4max-6st-77-aze-e74f57/p320160?page=1
Автомобильный аккумулятор 4Max 6СТ-90 АзЕ (E75B21);720 А;90 Ач;2902;https://avtozvuk.ua//4max-6st-90-aze-e75b21/p320156?page=1
Автомобильный аккумулятор 4Max 6СТ-75 АзЕ (E74F51);700 А;75 Ач;2326;https://avtozvuk.ua//4max-6st-75-aze-e74f51/p320155?page=1
Автомобильный аккумулятор 4Max 6СТ-72 АзЕ EFB (E74F49);720 А;72 Ач;3315;https://avtozvuk.ua//4max-6st-72-aze-efb-e74f49/p320153?page=1
Автомобильный аккумулятор 4Max 6СТ-70 АзЕ EFB (E74F41);650 А;70 Ач;3021;https://avtozvuk.ua//4max-6st-70-aze-efb-e74f41/p320152?page=1
